{
  "all_configs": [
    {
      "amount_utility_mode": "log",
      "config_id": "s2_t0.70_a0.20_k0.10_e0.10__s3_s0.80_u0.15_v0.05__log",
      "metrics": {
        "coverage_at_k": 0.125,
        "details": {
          "amount_distribution": {
            "count": 24,
            "max": 10000.0,
            "mean": 6666.666666666667,
            "median": 5000.0
          },
          "coverage": {
            "coverage_at_k": 0.125,
            "k": 3,
            "total_recommended": 24,
            "unique_recommended_count": 3
          },
          "eligibility": {
            "eligibility_precision": 0.7142857142857143,
            "eligible_count": 160,
            "ineligible_reason_breakdown": {
              "DEADLINE_PASSED": 64
            },
            "total_count": 224
          },
          "k": 3,
          "source_diversity": {
            "diversity_at_k": 0.041666666666666664,
            "field": "source",
            "k": 3,
            "labeled_count": 24,
            "unique_count": 1
          },
          "sponsor_diversity": {
            "diversity_at_k": 0.041666666666666664,
            "field": "sponsor",
            "k": 3,
            "labeled_count": 24,
            "unique_count": 1
          }
        },
        "eligibility_rate": 0.7142857142857143,
        "median_amount_max_topk": 5000.0,
        "ndcg_at_k": 0.15773243839286438,
        "ranking_stability": true,
        "source_diversity_at_k": 0.041666666666666664,
        "sponsor_diversity_at_k": 0.041666666666666664
      },
      "per_profile_topk_ids": {
        "golden_az_math_ug_pr": [
          "f73e88e7f2dcefa50c2bff11e0a01114ad1e6b11",
          "87e6b7104e82bff4848e55763fc4d42733efbd29",
          "0af734f1f50f689fdb5429cf93df35da9800d4e1"
        ],
        "golden_ca_cs_ug_us": [
          "f73e88e7f2dcefa50c2bff11e0a01114ad1e6b11",
          "87e6b7104e82bff4848e55763fc4d42733efbd29",
          "0af734f1f50f689fdb5429cf93df35da9800d4e1"
        ],
        "golden_fl_education_ug_us": [
          "f73e88e7f2dcefa50c2bff11e0a01114ad1e6b11",
          "0af734f1f50f689fdb5429cf93df35da9800d4e1",
          "87e6b7104e82bff4848e55763fc4d42733efbd29"
        ],
        "golden_il_mech_ug_us": [
          "f73e88e7f2dcefa50c2bff11e0a01114ad1e6b11",
          "87e6b7104e82bff4848e55763fc4d42733efbd29",
          "0af734f1f50f689fdb5429cf93df35da9800d4e1"
        ],
        "golden_nc_psych_ug_us": [
          "f73e88e7f2dcefa50c2bff11e0a01114ad1e6b11",
          "0af734f1f50f689fdb5429cf93df35da9800d4e1",
          "87e6b7104e82bff4848e55763fc4d42733efbd29"
        ],
        "golden_ny_business_grad_us": [
          "f73e88e7f2dcefa50c2bff11e0a01114ad1e6b11",
          "87e6b7104e82bff4848e55763fc4d42733efbd29",
          "0af734f1f50f689fdb5429cf93df35da9800d4e1"
        ],
        "golden_tx_nursing_ug_us": [
          "f73e88e7f2dcefa50c2bff11e0a01114ad1e6b11",
          "0af734f1f50f689fdb5429cf93df35da9800d4e1",
          "87e6b7104e82bff4848e55763fc4d42733efbd29"
        ],
        "golden_wa_env_grad_us": [
          "f73e88e7f2dcefa50c2bff11e0a01114ad1e6b11",
          "87e6b7104e82bff4848e55763fc4d42733efbd29",
          "0af734f1f50f689fdb5429cf93df35da9800d4e1"
        ]
      },
      "stage2_weights": {
        "amount": 0.2,
        "effort": 0.1,
        "keyword": 0.1,
        "tfidf": 0.7
      },
      "stage3_weights": {
        "ev": 0.05,
        "stage2": 0.8,
        "urgency": 0.15
      }
    },
    {
      "amount_utility_mode": "log",
      "config_id": "s2_t0.70_a0.05_k0.05_e0.05__s3_s0.80_u0.10_v0.10__log",
      "metrics": {
        "coverage_at_k": 0.16666666666666666,
        "details": {
          "amount_distribution": {
            "count": 24,
            "max": 21000.0,
            "mean": 12000.0,
            "median": 10000.0
          },
          "coverage": {
            "coverage_at_k": 0.16666666666666666,
            "k": 3,
            "total_recommended": 24,
            "unique_recommended_count": 4
          },
          "eligibility": {
            "eligibility_precision": 0.7142857142857143,
            "eligible_count": 160,
            "ineligible_reason_breakdown": {
              "DEADLINE_PASSED": 64
            },
            "total_count": 224
          },
          "k": 3,
          "source_diversity": {
            "diversity_at_k": 0.041666666666666664,
            "field": "source",
            "k": 3,
            "labeled_count": 24,
            "unique_count": 1
          },
          "sponsor_diversity": {
            "diversity_at_k": 0.041666666666666664,
            "field": "sponsor",
            "k": 3,
            "labeled_count": 24,
            "unique_count": 1
          }
        },
        "eligibility_rate": 0.7142857142857143,
        "median_amount_max_topk": 10000.0,
        "ndcg_at_k": 0.125,
        "ranking_stability": true,
        "source_diversity_at_k": 0.041666666666666664,
        "sponsor_diversity_at_k": 0.041666666666666664
      },
      "per_profile_topk_ids": {
        "golden_az_math_ug_pr": [
          "f73e88e7f2dcefa50c2bff11e0a01114ad1e6b11",
          "3471137d25629a676051905ca3f7de5c47250623",
          "0af734f1f50f689fdb5429cf93df35da9800d4e1"
        ],
        "golden_ca_cs_ug_us": [
          "f73e88e7f2dcefa50c2bff11e0a01114ad1e6b11",
          "3471137d25629a676051905ca3f7de5c47250623",
          "87e6b7104e82bff4848e55763fc4d42733efbd29"
        ],
        "golden_fl_education_ug_us": [
          "f73e88e7f2dcefa50c2bff11e0a01114ad1e6b11",
          "3471137d25629a676051905ca3f7de5c47250623",
          "0af734f1f50f689fdb5429cf93df35da9800d4e1"
        ],
        "golden_il_mech_ug_us": [
          "f73e88e7f2dcefa50c2bff11e0a01114ad1e6b11",
          "3471137d25629a676051905ca3f7de5c47250623",
          "87e6b7104e82bff4848e55763fc4d42733efbd29"
        ],
        "golden_nc_psych_ug_us": [
          "f73e88e7f2dcefa50c2bff11e0a01114ad1e6b11",
          "3471137d25629a676051905ca3f7de5c47250623",
          "0af734f1f50f689fdb5429cf93df35da9800d4e1"
        ],
        "golden_ny_business_grad_us": [
          "f73e88e7f2dcefa50c2bff11e0a01114ad1e6b11",
          "3471137d25629a676051905ca3f7de5c47250623",
          "87e6b7104e82bff4848e55763fc4d42733efbd29"
        ],
        "golden_tx_nursing_ug_us": [
          "f73e88e7f2dcefa50c2bff11e0a01114ad1e6b11",
          "3471137d25629a676051905ca3f7de5c47250623",
          "0af734f1f50f689fdb5429cf93df35da9800d4e1"
        ],
        "golden_wa_env_grad_us": [
          "f73e88e7f2dcefa50c2bff11e0a01114ad1e6b11",
          "3471137d25629a676051905ca3f7de5c47250623",
          "87e6b7104e82bff4848e55763fc4d42733efbd29"
        ]
      },
      "stage2_weights": {
        "amount": 0.05,
        "effort": 0.05,
        "keyword": 0.05,
        "tfidf": 0.7
      },
      "stage3_weights": {
        "ev": 0.1,
        "stage2": 0.8,
        "urgency": 0.1
      }
    }
  ],
  "baseline_metrics": {
    "coverage_at_k": 0.125,
    "details": {
      "amount_distribution": {
        "count": 24,
        "max": 10000.0,
        "mean": 6666.666666666667,
        "median": 5000.0
      },
      "coverage": {
        "coverage_at_k": 0.125,
        "k": 3,
        "total_recommended": 24,
        "unique_recommended_count": 3
      },
      "eligibility": {
        "eligibility_precision": 0.7142857142857143,
        "eligible_count": 160,
        "ineligible_reason_breakdown": {
          "DEADLINE_PASSED": 64
        },
        "total_count": 224
      },
      "k": 3,
      "source_diversity": {
        "diversity_at_k": 0.041666666666666664,
        "field": "source",
        "k": 3,
        "labeled_count": 24,
        "unique_count": 1
      },
      "sponsor_diversity": {
        "diversity_at_k": 0.041666666666666664,
        "field": "sponsor",
        "k": 3,
        "labeled_count": 24,
        "unique_count": 1
      }
    },
    "eligibility_rate": 0.7142857142857143,